{"cameraMode":{"drawMode":0,"name":"Shaded","section":"Shading Mode"},"sceneLighting":true,"audioPlay":false,"sceneViewState":{"showFog":false,"showMaterialUpdate":false,"showSkybox":true,"showFlares":false,"showImageEffects":false,"showParticleSystems":false},"in2DMode":false,"pivot":{"x":15.981659889221192,"y":4.643735885620117,"z":-10.75674819946289},"rotation":{"x":0.12725256383419038,"y":0.001487807254306972,"z":-0.0001908477715915069,"w":0.9918704628944397},"size":7.302248954772949,"orthographic":false}